{
  "hash": "1582e920",
  "configHash": "efb126d5",
  "lockfileHash": "bfab69c3",
  "browserHash": "20bb56b3",
  "optimized": {
    "@angular/common": {
      "src": "../../../../../../node_modules/@angular/common/fesm2022/common.mjs",
      "file": "@angular_common.js",
      "fileHash": "54a228f2",
      "needsInterop": false
    },
    "@angular/common/http": {
      "src": "../../../../../../node_modules/@angular/common/fesm2022/http.mjs",
      "file": "@angular_common_http.js",
      "fileHash": "9658eace",
      "needsInterop": false
    },
    "@angular/core": {
      "src": "../../../../../../node_modules/@angular/core/fesm2022/core.mjs",
      "file": "@angular_core.js",
      "fileHash": "39895300",
      "needsInterop": false
    },
    "@angular/forms": {
      "src": "../../../../../../node_modules/@angular/forms/fesm2022/forms.mjs",
      "file": "@angular_forms.js",
      "fileHash": "07332258",
      "needsInterop": false
    },
    "@angular/platform-browser": {
      "src": "../../../../../../node_modules/@angular/platform-browser/fesm2022/platform-browser.mjs",
      "file": "@angular_platform-browser.js",
      "fileHash": "e25ea2f7",
      "needsInterop": false
    },
    "@angular/platform-browser/animations": {
      "src": "../../../../../../node_modules/@angular/platform-browser/fesm2022/animations.mjs",
      "file": "@angular_platform-browser_animations.js",
      "fileHash": "55c8a656",
      "needsInterop": false
    },
    "@angular/platform-browser/animations/async": {
      "src": "../../../../../../node_modules/@angular/platform-browser/fesm2022/animations/async.mjs",
      "file": "@angular_platform-browser_animations_async.js",
      "fileHash": "f36f0848",
      "needsInterop": false
    },
    "@angular/router": {
      "src": "../../../../../../node_modules/@angular/router/fesm2022/router.mjs",
      "file": "@angular_router.js",
      "fileHash": "5e361e72",
      "needsInterop": false
    },
    "@ng-bootstrap/ng-bootstrap": {
      "src": "../../../../../../node_modules/@ng-bootstrap/ng-bootstrap/fesm2022/ng-bootstrap.mjs",
      "file": "@ng-bootstrap_ng-bootstrap.js",
      "fileHash": "9836e4b6",
      "needsInterop": false
    },
    "@primeng/themes/aura": {
      "src": "../../../../../../node_modules/@primeng/themes/aura/index.mjs",
      "file": "@primeng_themes_aura.js",
      "fileHash": "2dd1cf90",
      "needsInterop": false
    },
    "primeng/api": {
      "src": "../../../../../../node_modules/primeng/fesm2022/primeng-api.mjs",
      "file": "primeng_api.js",
      "fileHash": "baaac86f",
      "needsInterop": false
    },
    "primeng/avatar": {
      "src": "../../../../../../node_modules/primeng/fesm2022/primeng-avatar.mjs",
      "file": "primeng_avatar.js",
      "fileHash": "ca901464",
      "needsInterop": false
    },
    "primeng/button": {
      "src": "../../../../../../node_modules/primeng/fesm2022/primeng-button.mjs",
      "file": "primeng_button.js",
      "fileHash": "7f4f3b7d",
      "needsInterop": false
    },
    "primeng/config": {
      "src": "../../../../../../node_modules/primeng/fesm2022/primeng-config.mjs",
      "file": "primeng_config.js",
      "fileHash": "4ada4575",
      "needsInterop": false
    },
    "primeng/dialog": {
      "src": "../../../../../../node_modules/primeng/fesm2022/primeng-dialog.mjs",
      "file": "primeng_dialog.js",
      "fileHash": "92e2788c",
      "needsInterop": false
    },
    "primeng/drawer": {
      "src": "../../../../../../node_modules/primeng/fesm2022/primeng-drawer.mjs",
      "file": "primeng_drawer.js",
      "fileHash": "a1f637c3",
      "needsInterop": false
    },
    "primeng/rating": {
      "src": "../../../../../../node_modules/primeng/fesm2022/primeng-rating.mjs",
      "file": "primeng_rating.js",
      "fileHash": "cb7306d7",
      "needsInterop": false
    },
    "primeng/ripple": {
      "src": "../../../../../../node_modules/primeng/fesm2022/primeng-ripple.mjs",
      "file": "primeng_ripple.js",
      "fileHash": "95e5ef6f",
      "needsInterop": false
    },
    "primeng/scroller": {
      "src": "../../../../../../node_modules/primeng/fesm2022/primeng-scroller.mjs",
      "file": "primeng_scroller.js",
      "fileHash": "8330c277",
      "needsInterop": false
    },
    "primeng/styleclass": {
      "src": "../../../../../../node_modules/primeng/fesm2022/primeng-styleclass.mjs",
      "file": "primeng_styleclass.js",
      "fileHash": "ba08c66b",
      "needsInterop": false
    },
    "primeng/table": {
      "src": "../../../../../../node_modules/primeng/fesm2022/primeng-table.mjs",
      "file": "primeng_table.js",
      "fileHash": "c7e17d29",
      "needsInterop": false
    },
    "primeng/tag": {
      "src": "../../../../../../node_modules/primeng/fesm2022/primeng-tag.mjs",
      "file": "primeng_tag.js",
      "fileHash": "68985b9c",
      "needsInterop": false
    }
  },
  "chunks": {
    "chunk-Q4D7FDWI": {
      "file": "chunk-Q4D7FDWI.js"
    },
    "browser-ALR5DBYU": {
      "file": "browser-ALR5DBYU.js"
    },
    "chunk-NMOYQVAO": {
      "file": "chunk-NMOYQVAO.js"
    },
    "chunk-UGZCYCXW": {
      "file": "chunk-UGZCYCXW.js"
    },
    "chunk-PTRGMHI5": {
      "file": "chunk-PTRGMHI5.js"
    },
    "chunk-4VEPBFF4": {
      "file": "chunk-4VEPBFF4.js"
    },
    "chunk-O7UWF3ES": {
      "file": "chunk-O7UWF3ES.js"
    },
    "chunk-WD6JQSN5": {
      "file": "chunk-WD6JQSN5.js"
    },
    "chunk-ILPPCWPR": {
      "file": "chunk-ILPPCWPR.js"
    },
    "chunk-6KWSFMTH": {
      "file": "chunk-6KWSFMTH.js"
    },
    "chunk-SZDUSGK3": {
      "file": "chunk-SZDUSGK3.js"
    },
    "chunk-USBEV5WY": {
      "file": "chunk-USBEV5WY.js"
    },
    "chunk-D27J3AHE": {
      "file": "chunk-D27J3AHE.js"
    },
    "chunk-PC6TYWOQ": {
      "file": "chunk-PC6TYWOQ.js"
    },
    "chunk-XBTJW5HX": {
      "file": "chunk-XBTJW5HX.js"
    },
    "chunk-MSIWIRAO": {
      "file": "chunk-MSIWIRAO.js"
    },
    "chunk-SJOX2EEL": {
      "file": "chunk-SJOX2EEL.js"
    },
    "chunk-D742Z3C6": {
      "file": "chunk-D742Z3C6.js"
    },
    "chunk-WDMUDEB6": {
      "file": "chunk-WDMUDEB6.js"
    }
  }
}